{"cameraMode":{"drawMode":0,"name":"Shaded","section":"Shading Mode"},"sceneLighting":true,"audioPlay":false,"sceneViewState":{"showFog":false,"showMaterialUpdate":false,"showSkybox":false,"showFlares":false,"showImageEffects":false,"showParticleSystems":false},"in2DMode":false,"pivot":{"x":26.815460205078126,"y":40.964195251464847,"z":124.44329833984375},"rotation":{"x":-0.32579976320266726,"y":0.4636473059654236,"z":-0.1883171647787094,"w":-0.8021371960639954},"size":107.86470031738281,"orthographic":false}